Scheduler,Number of jobs,Maximum queue time,Mean queue time,Total queue time,Maximum flow,Mean flow,Total flow,Transfer time,Makespan,Core time used, Waiting for a load time, Total waiting for a load time and transfer time, Mean Stretch, Mean Stretch With a Minimum, Max Stretch, Max Stretch With a Minimum, Nb Upgraded Jobs, Nb jobs large queue time, Mean flow stretch 128 jobs, Mean flow stretch 256 jobs, Mean flow stretch 1024 jobs, Mean flow stretch with a minimum 128 jobs, Mean flow stretch with a minimum 256 jobs, Mean flow stretch with a minimum 1024 jobs
FCFS,16755,8680,594.800293,9965879,864000,4732.640137,79295384,2913090,4486409,677927296,1361412,4274502,1.885961,1.549655,9.22043,8.70283,0,0,1.869438,0.016295,0.000227,1.533131,0.016295,0.000227
HEFT,16755,8694.000000,585.705933,9813503.000000,864000.000000,4723.119141,79135864.000000,2907660.000000,4486409.000000,677876992.000000,1359735.000000,4267395.000000,1.843547,1.519987,8.908108,8.721698,0,0,1.827034,0.016286,0.000227,1.503473,0.016286,0.000227
SCORE_500_1,16755,9832,550.576111,9224903,864000,4666.837891,78192872,2579610,4486409,673928192,1331917,3911527,1.75205,1.444747,17.122341,10.753333,0,0,1.73601,0.015814,0.000227,1.428705,0.015814,0.000227
SCORE_500_50,16755,9864,530.964539,8896311,864000,4647.4375,77867816,2588070,4486409,673927040,1327180,3915250,1.661068,1.385214,12.413612,7.903333,0,0,1.645,0.015844,0.000227,1.369141,0.015844,0.000227
SCORE_500_50_NO_MIX,16755,591004.000000,2842.960938,47633812.000000,1068157.000000,6838.123535,114572760.000000,1097410.000000,4702569.000000,652662464.000000,718116.000000,1815526.000000,3.884491,3.180835,33.951614,21.604134,0,223,3.858205,0.026058,0.000228,3.154549,0.026058,0.000228
Fcfs_with_a_score_adaptative_multiplier_x1_x0_x0_x0,16755,323924.000000,2006.009888,33610696.000000,864000.000000,6011.674316,100725600.000000,1223600.000000,4486409.000000,654447808.000000,770722.000000,1994322.000000,3.134578,2.530798,27.402117,17.273333,0,157,3.109467,0.024884,0.000228,2.505686,0.024884,0.000228
Fcfs_with_a_score_adaptative_multiplier_x1_x1_x0_x0,16755,323924.000000,2023.038330,33896008.000000,864000.000000,6029.306152,101021024.000000,1227260.000000,4486409.000000,654517696.000000,775997.000000,2003257.000000,3.165110,2.557168,24.605715,24.605715,0,154,3.139328,0.025552,0.000228,2.531388,0.025552,0.000228
