Scheduler,Number of jobs,Maximum queue time,Mean queue time,Total queue time,Maximum flow,Mean flow,Total flow,Transfer time,Makespan,Core time used, Waiting for a load time, Total waiting for a load time and transfer time, Mean Stretch, Mean Stretch With a Minimum, Max Stretch, Max Stretch With a Minimum
Fcfs_no_use_bigger_nodes,11973,489647.000000,28284.244141,338647264.000000,571856.000000,32239.109375,385998848.000000,2163850.000000,1198671.000000,269652032.000000,758819.000000,2922669.000000,6.523031,6.367494,938.388367,938.388367
Fcfs,11973,489647.000000,28284.244141,338647264.000000,571856.000000,32239.109375,385998848.000000,2163850.000000,1198671.000000,269652032.000000,758819.000000,2922669.000000,6.523031,6.367494,938.388367,938.388367
Fcfs_big_job_first,11973,610276.000000,62816.222656,752098624.000000,620781.000000,66771.500000,799455168.000000,2176280.000000,1223344.000000,269640768.000000,751507.000000,2927787.000000,14.279600,14.087383,1190.500977,1190.500977
Fcfs_backfill_big_nodes_0,11973,610276.000000,62816.222656,752098624.000000,620781.000000,66771.500000,799455168.000000,2176280.000000,1223344.000000,269640768.000000,751507.000000,2927787.000000,14.279600,14.087383,1190.500977,1190.500977
Fcfs_backfill_big_nodes_1,11973,610276.000000,62816.488281,752101824.000000,620781.000000,66771.937500,799460416.000000,2176610.000000,1223344.000000,269644800.000000,753039.000000,2929649.000000,14.280803,14.088017,1190.500977,1190.500977
Fcfs_area_filling,11973,610276.000000,62816.222656,752098624.000000,620781.000000,66771.500000,799455168.000000,2176280.000000,1223344.000000,269640768.000000,751507.000000,2927787.000000,14.279600,14.087383,1190.500977,1190.500977
Fcfs_area_filling_omniscient,11973,610276.000000,62816.222656,752098624.000000,620781.000000,66771.500000,799455168.000000,2176280.000000,1223344.000000,269640768.000000,751507.000000,2927787.000000,14.279600,14.087383,1190.500977,1190.500977
