Scheduler,Number of jobs,Maximum queue time,Mean queue time,Total queue time,Maximum flow,Mean flow,Total flow,Transfer time,Makespan,Core time used, Waiting for a load time, Total waiting for a load time and transfer time, Mean Stretch, Mean Stretch With a Minimum, Max Stretch, Max Stretch With a Minimum, Nb Upgraded Jobs, Nb jobs large queue time, Mean flow stretch 128 jobs, Mean flow stretch 256 jobs, Mean flow stretch 1024 jobs, Mean flow stretch with a minimum 128 jobs, Mean flow stretch with a minimum 256 jobs, Mean flow stretch with a minimum 1024 jobs
FCFS,8693,9041.000000,316.865417,2754511.000000,613362.000000,6894.582520,59934604.000000,1149560.000000,6656188.000000,441345440.000000,505993.000000,1655553.000000,1.439652,1.426134,8.200000,7.603333,0,0,1.433977,0.002428,0.003246,1.420460,0.002428,0.003246
HEFT,8693,9530.000000,319.070618,2773681.000000,613519.000000,6896.634766,59952444.000000,1157590.000000,6656345.000000,441332832.000000,496735.000000,1654325.000000,1.447433,1.431740,8.196000,7.603333,0,0,1.441816,0.002410,0.003207,1.426122,0.002410,0.003207
SCORE_500_1,8693,13244.000000,364.408386,3167802.000000,610301.000000,6924.218262,60192228.000000,1010060.000000,6653127.000000,440185056.000000,489898.000000,1499958.000000,1.494005,1.475632,10.366492,9.902870,0,0,1.486635,0.002180,0.005189,1.468263,0.002180,0.005189
SCORE_500_50,8693,13403.000000,360.357422,3132587.000000,611320.000000,6918.311035,60140876.000000,989400.000000,6654146.000000,440005536.000000,494575.000000,1483975.000000,1.491362,1.473894,10.376964,9.122708,0,0,1.484325,0.002161,0.004876,1.466857,0.002161,0.004876
