Scheduler,Number of jobs,Maximum queue time,Mean queue time,Total queue time,Maximum flow,Mean flow,Total flow,Transfer time,Makespan,Core time used, Waiting for a load time, Total waiting for a load time and transfer time, Mean Stretch, Mean Stretch With a Minimum, Max Stretch, Max Stretch With a Minimum, Nb Upgraded Jobs, Nb jobs large queue time, Mean flow stretch 128 jobs, Mean flow stretch 256 jobs, Mean flow stretch 1024 jobs, Mean flow stretch with a minimum 128 jobs, Mean flow stretch with a minimum 256 jobs, Mean flow stretch with a minimum 1024 jobs
Fcfs,15295,18126.000000,2157.473389,32998556.000000,727765.000000,7195.301758,110052144.000000,2035360.000000,4684085.000000,574879872.000000,1174273.000000,3209633.000000,6.329124,5.961236,92.727745,59.036667,0,0,6.329124,0.000000,0.000000,5.961236,0.000000,0.000000
Fcfs_with_a_score_x500_x500_x0_x0,15295,323980.000000,4088.746094,62537372.000000,744278.000000,9022.647461,138001392.000000,1108270.000000,4700598.000000,565964928.000000,507308.000000,1615578.000000,7.887865,7.490471,92.528793,61.560673,0,242,7.887865,0.000000,0.000000,7.490471,0.000000,0.000000
