Scheduler,Number of jobs,Maximum queue time,Mean queue time,Total queue time,Maximum flow,Mean flow,Total flow,Transfer time,Makespan,Core time used, Waiting for a load time, Total waiting for a load time and transfer time, Mean Stretch, Mean Stretch With a Minimum, Max Stretch, Max Stretch With a Minimum
Fcfs_no_use_bigger_nodes,11973,489647.000000,28284.244141,338647264.000000,571856.000000,32239.109375,385998848.000000,2163850.000000,1198671.000000,269652032.000000,758819.000000,2922669.000000,6.523031,6.367494,938.388367,938.388367
Fcfs,11973,489647.000000,28284.244141,338647264.000000,571856.000000,32239.109375,385998848.000000,2163850.000000,1198671.000000,269652032.000000,758819.000000,2922669.000000,6.523031,6.367494,938.388367,938.388367
Fcfs_big_job_first,11973,489647.000000,28284.244141,338647264.000000,571856.000000,32239.109375,385998848.000000,2163850.000000,1198671.000000,269652032.000000,758819.000000,2922669.000000,6.523031,6.367494,938.388367,938.388367
Fcfs_backfill_big_nodes_0,11973,489647.000000,28284.244141,338647264.000000,571856.000000,32239.109375,385998848.000000,2163850.000000,1198671.000000,269652032.000000,758819.000000,2922669.000000,6.523031,6.367494,938.388367,938.388367
Fcfs_backfill_big_nodes_1,11973,489647.000000,28280.220703,338599072.000000,571856.000000,32234.912109,385948608.000000,2179730.000000,1198671.000000,269671616.000000,740889.000000,2920619.000000,6.524295,6.367167,938.388367,938.388367
Fcfs_area_filling,11973,489647.000000,28284.244141,338647264.000000,571856.000000,32239.109375,385998848.000000,2163850.000000,1198671.000000,269652032.000000,758819.000000,2922669.000000,6.523031,6.367494,938.388367,938.388367
Fcfs_area_filling_omniscient,11973,489647.000000,28284.244141,338647264.000000,571856.000000,32239.109375,385998848.000000,2163850.000000,1198671.000000,269652032.000000,758819.000000,2922669.000000,6.523031,6.367494,938.388367,938.388367
