Scheduler,Number of jobs,Maximum queue time,Mean queue time,Total queue time,Maximum flow,Mean flow,Total flow,Transfer time,Makespan,Core time used, Waiting for a load time, Total waiting for a load time and transfer time, Mean Stretch, Mean Stretch With a Minimum, Max Stretch, Max Stretch With a Minimum, Nb Upgraded Jobs
Fcfs_no_use_bigger_nodes,11973,13121.000000,1667.528442,19965318.000000,124508.000000,5379.902832,64413576.000000,0.000000,736704.000000,235425568.000000,0.000000,0.000000,5.396620,3.144027,122.446152,31.313334,0
Fcfs,11973,1878.000000,116.441574,1394155.000000,117037.000000,3828.817627,45842432.000000,0.000000,729233.000000,235425760.000000,0.000000,0.000000,0.593584,0.576963,8.303030,2.230000,1149
Fcfs_big_job_first,11973,1859.000000,117.014030,1401009.000000,117017.000000,3829.392090,45849312.000000,0.000000,729213.000000,235425920.000000,0.000000,0.000000,0.602083,0.582874,12.083969,5.310000,1210
Fcfs_backfill_big_nodes_0,11973,1885.000000,109.411255,1309981.000000,117042.000000,3821.789795,45758288.000000,0.000000,729238.000000,235425728.000000,0.000000,0.000000,0.579819,0.566806,1.468217,1.468217,1262
Fcfs_backfill_big_nodes_1,11973,1895.000000,109.950638,1316439.000000,117053.000000,3822.334229,45764808.000000,0.000000,729249.000000,235425696.000000,0.000000,0.000000,0.580433,0.567316,1.692810,1.476744,1227
Fcfs_area_filling,11973,1859.000000,117.014030,1401009.000000,117017.000000,3829.392090,45849312.000000,0.000000,729213.000000,235425920.000000,0.000000,0.000000,0.602083,0.582874,12.083969,5.310000,1210
Fcfs_area_filling_with_ratio,11973,6215.000000,288.855682,3458469.000000,116239.000000,4001.229492,47906720.000000,0.000000,728435.000000,235425632.000000,0.000000,0.000000,0.708622,0.695444,4.825582,4.825582,985
Fcfs_area_filling_omniscient,11973,2537.000000,144.583481,1731098.000000,117633.000000,3856.961426,46179400.000000,0.000000,729829.000000,235425792.000000,0.000000,0.000000,0.602996,0.589914,2.929864,2.929864,1120
Fcfs_area_filling_omniscient_with_ratio,11973,6645.000000,315.509888,3777600.000000,116459.000000,4027.879395,48225800.000000,0.000000,728655.000000,235425824.000000,0.000000,0.000000,0.725708,0.712430,5.158140,5.158140,927
