Scheduler,Number of jobs,Maximum queue time,Mean queue time,Total queue time,Maximum flow,Mean flow,Total flow,Transfer time,Makespan,Core time used, Waiting for a load time, Total waiting for a load time and transfer time, Mean Stretch, Mean Stretch With a Minimum, Max Stretch, Max Stretch With a Minimum, Nb Upgraded Jobs, Nb jobs large queue time, Mean flow stretch 128 jobs, Mean flow stretch 256 jobs, Mean flow stretch 1024 jobs, Mean flow stretch with a minimum 128 jobs, Mean flow stretch with a minimum 256 jobs, Mean flow stretch with a minimum 1024 jobs
Fcfs,11,0.000000,0.000000,0.000000,3600.000000,3040.000000,33440.000000,12220.000000,1003000.000000,542200.000000,0.000000,12220.000000,0.776692,0.776692,1.000000,1.000000,0,0,0.776692,0.000000,0.000000,0.776692,0.000000,0.000000
Fcfs_with_a_score_x500_x500_x0_x0,11,15085.000000,5132.272949,56455.000000,18685.000000,8143.181641,89575.000000,1660.000000,1003000.000000,540600.000000,0.000000,1660.000000,1.842779,1.842779,3.828893,3.828893,0,0,1.842779,0.000000,0.000000,1.842779,0.000000,0.000000
Fcfs_with_a_score_adaptative_multiplier_x500_x500_x0_x0,11,3600.000000,418.181824,4600.000000,7200.000000,3429.090820,37720.000000,8060.000000,1003000.000000,540600.000000,0.000000,8060.000000,0.838522,0.838522,1.168831,1.168831,0,0,0.838522,0.000000,0.000000,0.838522,0.000000,0.000000
