Scheduler,Number of jobs,Maximum queue time,Mean queue time,Total queue time,Maximum flow,Mean flow,Total flow,Transfer time,Makespan,Core time used, Waiting for a load time, Total waiting for a load time and transfer time, Mean Stretch, Mean Stretch With a Minimum, Max Stretch, Max Stretch With a Minimum, Nb Upgraded Jobs, Nb jobs large queue time, Mean flow stretch 128 jobs, Mean flow stretch 256 jobs, Mean flow stretch 1024 jobs, Mean flow stretch with a minimum 128 jobs, Mean flow stretch with a minimum 256 jobs, Mean flow stretch with a minimum 1024 jobs
Fcfs,8548,13326.000000,1516.989258,12967224.000000,604800.000000,10579.744141,90435656.000000,3577110.000000,2397887.000000,813840320.000000,322463.000000,3899573.000000,1.881887,1.810911,38.320652,23.503334,0,0,1.853357,0.015185,0.013345,1.782381,0.015185,0.013345
Fcfs_with_a_score_adaptative_multiplier_x500_x500_x0_x0,8548,20994.000000,1243.868164,10632585.000000,604800.000000,10235.877930,87496288.000000,2917380.000000,2397887.000000,803643456.000000,377289.000000,3294669.000000,1.621190,1.567600,18.862223,18.862223,0,0,1.593908,0.014504,0.012778,1.540318,0.014504,0.012778
