Scheduler,Number of jobs,Maximum queue time,Mean queue time,Total queue time,Maximum flow,Mean flow,Total flow,Transfer time,Makespan,Core time used, Waiting for a load time, Total waiting for a load time and transfer time, Mean Stretch, Mean Stretch With a Minimum, Max Stretch, Max Stretch With a Minimum, Nb Upgraded Jobs, Nb jobs large queue time, Mean flow stretch 128 jobs, Mean flow stretch 256 jobs, Mean flow stretch 1024 jobs, Mean flow stretch with a minimum 128 jobs, Mean flow stretch with a minimum 256 jobs, Mean flow stretch with a minimum 1024 jobs
Fcfs,15295,17200.000000,2043.329224,31252720.000000,727746.000000,7081.153320,108306240.000000,1972000.000000,4683999.000000,575261312.000000,1228077.000000,3200077.000000,6.195006,5.835732,90.324608,57.506668,0,0,6.195006,0.000000,0.000000,5.835732,0.000000,0.000000
Fcfs_with_a_score_x500_x500_x0_x0,15295,323980.000000,3855.229248,58965732.000000,748391.000000,8788.026367,134412864.000000,1104710.000000,4704711.000000,566133632.000000,484278.000000,1588988.000000,7.075247,6.736651,93.171600,93.171600,0,311,7.075247,0.000000,0.000000,6.736651,0.000000,0.000000
Fcfs_with_a_score_adaptative_multiplier_x500_x500_x0_x0,15295,156712.000000,2692.422363,41180600.000000,727831.000000,7634.637695,116771784.000000,1247770.000000,4684084.000000,568981376.000000,488965.000000,1736735.000000,4.464793,4.303021,120.531067,120.531067,0,256,4.464793,0.000000,0.000000,4.303021,0.000000,0.000000
