Scheduler,Number of jobs,Maximum queue time,Mean queue time,Total queue time,Maximum flow,Mean flow,Total flow,Transfer time,Makespan,Core time used, Waiting for a load time, Total waiting for a load time and transfer time, Mean Stretch, Mean Stretch With a Minimum, Max Stretch, Max Stretch With a Minimum, Nb Upgraded Jobs, Nb jobs large queue time, Mean flow stretch 128 jobs, Mean flow stretch 256 jobs, Mean flow stretch 1024 jobs, Mean flow stretch with a minimum 128 jobs, Mean flow stretch with a minimum 256 jobs, Mean flow stretch with a minimum 1024 jobs
FCFS,41306,99204.000000,58412.996094,2412807168.000000,709588.000000,63342.015625,2616405248.000000,1816000.000000,4758802.000000,1196216320.000000,741160.000000,2557160.000000,132.986710,107.712715,474.356750,292.519989,0,33117,132.977814,0.007307,0.001590,107.703819,0.007307,0.001590
HEFT,41306,99473.000000,58462.050781,2414833408.000000,709452.000000,63391.085938,2618432256.000000,1786160.000000,4758666.000000,1196204032.000000,747716.000000,2533876.000000,133.414215,107.907639,475.043243,292.943329,0,33153,133.405334,0.007288,0.001591,107.898781,0.007288,0.001591
SCORE_500_1,41306,140397.000000,29428.351562,1215567488.000000,631849.000000,34335.410156,1418258432.000000,1133520.000000,4681063.000000,1193183232.000000,568920.000000,1702440.000000,77.075867,56.331337,461.572968,285.209991,0,14763,77.073662,0.001518,0.000686,56.329136,0.001518,0.000686
SCORE_500_50,41306,140397.000000,30874.228516,1275290880.000000,716414.000000,35785.660156,1478162432.000000,1156580.000000,4765628.000000,1193325184.000000,646625.000000,1803205.000000,79.468292,58.627621,461.572968,285.213348,0,14902,79.465988,0.001593,0.000709,58.625320,0.001593,0.000709
