Scheduler,Number of jobs,Maximum queue time,Mean queue time,Total queue time,Maximum flow,Mean flow,Total flow,Transfer time,Makespan,Core time used, Waiting for a load time, Total waiting for a load time and transfer time, Mean Stretch, Mean Stretch With a Minimum, Max Stretch, Max Stretch With a Minimum, Nb Upgraded Jobs, Nb jobs large queue time, Mean flow stretch 128 jobs, Mean flow stretch 256 jobs, Mean flow stretch 1024 jobs, Mean flow stretch with a minimum 128 jobs, Mean flow stretch with a minimum 256 jobs, Mean flow stretch with a minimum 1024 jobs
Fcfs,16755,8680.000000,594.800293,9965879.000000,864000.000000,4732.640137,79295384.000000,2913090.000000,4486409.000000,677927296.000000,1361412.000000,4274502.000000,1.885961,1.549655,9.220430,8.702830,0,0,1.869438,0.016295,0.000227,1.533131,0.016295,0.000227
Fcfs_with_a_score_adaptative_multiplier_x500_x500_x0_x0,16755,9917.000000,517.350830,8668213.000000,864000.000000,4633.601562,77635992.000000,2580920.000000,4486409.000000,673945088.000000,1330856.000000,3911776.000000,1.586042,1.337258,12.460733,7.933333,0,0,1.569971,0.015843,0.000227,1.321186,0.015843,0.000227
Mixed_strategy_90,16755,11446.000000,805.855469,13502108.000000,864000.000000,4924.344238,82507384.000000,2596060.000000,4486409.000000,673436544.000000,1352598.000000,3948658.000000,2.638769,2.025707,18.124325,11.466666,0,0,2.622100,0.016445,0.000227,2.009036,0.016445,0.000227
Mixed_strategy_99,16755,10467.000000,642.705383,10768529.000000,864000.000000,4768.888672,79902728.000000,2699880.000000,4486409.000000,675101056.000000,1378462.000000,4078342.000000,2.203034,1.736115,13.081081,8.360000,0,0,2.187067,0.015741,0.000227,1.720147,0.015741,0.000227
Fcfs_with_a_score_mixed_strategy_x500_x500_x0_x0,16755,9949.000000,535.787659,8977122.000000,864000.000000,4651.847656,77941704.000000,2576060.000000,4486409.000000,673934976.000000,1332201.000000,3908261.000000,1.677076,1.395438,14.764398,9.400000,0,0,1.661032,0.015817,0.000227,1.379392,0.015817,0.000227
