Scheduler,Number of jobs,Maximum queue time,Mean queue time,Total queue time,Maximum flow,Mean flow,Total flow,Transfer time,Makespan,Core time used, Waiting for a load time, Total waiting for a load time and transfer time, Mean Stretch, Mean Stretch With a Minimum, Max Stretch, Max Stretch With a Minimum, Nb Upgraded Jobs, Nb jobs large queue time, Mean flow stretch 128 jobs, Mean flow stretch 256 jobs, Mean flow stretch 1024 jobs, Mean flow stretch with a minimum 128 jobs, Mean flow stretch with a minimum 256 jobs, Mean flow stretch with a minimum 1024 jobs
FCFS,12890,22114.000000,1705.082642,21978516.000000,510170.000000,12042.434570,155226976.000000,3416630.000000,3543599.000000,962708032.000000,784037.000000,4200667.000000,1.792021,1.723876,44.761658,33.718086,0,0,1.764903,0.026002,0.001114,1.696759,0.026002,0.001114
HEFT,12890,21665.000000,1733.768921,22348282.000000,510170.000000,12068.947266,155568736.000000,3389450.000000,3543599.000000,962553792.000000,782853.000000,4172303.000000,1.820040,1.748645,56.682541,37.893333,0,0,1.793291,0.025636,0.001114,1.721895,0.025636,0.001114
SCORE_500_1,12890,23872.000000,2302.625977,29680848.000000,510170.000000,12599.067383,162401984.000000,2944340.000000,3543599.000000,957313600.000000,727566.000000,3671906.000000,2.421901,2.361187,43.777779,31.540001,0,0,2.402999,0.017817,0.001084,2.342285,0.017817,0.001084
SCORE_500_50,12890,24325.000000,2232.352051,28775018.000000,510170.000000,12527.071289,161473952.000000,2930410.000000,3543599.000000,956995776.000000,718772.000000,3649182.000000,2.368574,2.307819,38.783070,30.530001,0,0,2.349265,0.018225,0.001084,2.288510,0.018225,0.001084
