Scheduler,Number of jobs,Maximum queue time,Mean queue time,Total queue time,Maximum flow,Mean flow,Total flow,Transfer time,Makespan,Core time used, Waiting for a load time, Total waiting for a load time and transfer time, Mean Stretch, Mean Stretch With a Minimum, Max Stretch, Max Stretch With a Minimum, Nb Upgraded Jobs, Nb jobs large queue time, Mean flow stretch 128 jobs, Mean flow stretch 256 jobs, Mean flow stretch 1024 jobs, Mean flow stretch with a minimum 128 jobs, Mean flow stretch with a minimum 256 jobs, Mean flow stretch with a minimum 1024 jobs
FCFS,16755,8680,594.800293,9965879,864000,4732.640137,79295384,2913090,4486409,677927296,1361412,4274502,1.885961,1.549655,9.22043,8.70283,0,0,1.869438,0.016295,0.000227,1.533131,0.016295,0.000227
EFT-SCORE MIX,16755,8905,505.071442,8462472,864000,4638.691406,77721272,2826580,4486409,677191296,1377315,4203895,1.520553,1.29578,7.454124,7.454124,0,0,1.504205,0.016122,0.000227,1.279428,0.016122,0.000227
OPPORTUNISTIC-SCORE MIX,16755,8735.000000,439.919556,7370852.000000,864000.000000,4581.356934,76760632.000000,2908290.000000,4486409.000000,677952256.000000,1426019.000000,4334309.000000,1.150561,1.060132,7.653846,7.653846,0,0,1.134021,0.016314,0.000227,1.043590,0.016314,0.000227
