Scheduler,Number of jobs,Maximum queue time,Mean queue time,Total queue time,Maximum flow,Mean flow,Total flow,Transfer time,Makespan,Core time used, Waiting for a load time, Total waiting for a load time and transfer time, Mean Stretch, Mean Stretch With a Minimum, Max Stretch, Max Stretch With a Minimum, Nb Upgraded Jobs, Nb jobs large queue time, Mean flow stretch 128 jobs, Mean flow stretch 256 jobs, Mean flow stretch 1024 jobs, Mean flow stretch with a minimum 128 jobs, Mean flow stretch with a minimum 256 jobs, Mean flow stretch with a minimum 1024 jobs
Fcfs,11,0.000000,0.000000,0.000000,3600.000000,3040.000000,33440.000000,21180.000000,1003000.000000,542200.000000,0.000000,21180.000000,0.733569,0.733569,1.000000,1.000000,0,0,0.659842,0.053129,0.020599,0.659842,0.053129,0.020599
Fcfs_with_a_score_x1_x1_x0_x0,11,10000.000000,3044.090820,33485.000000,13000.000000,6055.000000,66605.000000,11900.000000,1003000.000000,540600.000000,0.000000,11900.000000,1.383363,1.383363,3.037383,3.037383,0,0,1.237543,0.125221,0.020599,1.237543,0.125221,0.020599
Fcfs_with_a_score_penalty_on_big_jobs_x1_x1_x0_x0,11,1285.000000,207.727280,2285.000000,4885.000000,3247.727295,35725.000000,17340.000000,1003000.000000,542200.000000,0.000000,17340.000000,0.773774,0.773774,1.000000,1.000000,0,0,0.681082,0.072093,0.020599,0.681082,0.072093,0.020599
Fcfs_with_a_score_x500_x500_x0_x0,11,15085.000000,5132.272949,56455.000000,18685.000000,8143.181641,89575.000000,10620.000000,1003000.000000,540600.000000,0.000000,10620.000000,1.799657,1.799657,3.828893,3.828893,0,0,1.609563,0.169495,0.020599,1.609563,0.169495,0.020599
Fcfs_with_a_score_adaptative_multiplier_x500_x500_x0_x0,11,1000.000000,90.909088,1000.000000,4000.000000,3130.909180,34440.000000,19900.000000,1003000.000000,542200.000000,0.000000,19900.000000,0.754810,0.754810,1.000000,1.000000,0,0,0.681082,0.053129,0.020599,0.681082,0.053129,0.020599
