Scheduler,Number of jobs,Maximum queue time,Mean queue time,Total queue time,Maximum flow,Mean flow,Total flow,Transfer time,Makespan,Core time used, Waiting for a load time, Total waiting for a load time and transfer time, Mean Stretch, Mean Stretch With a Minimum, Max Stretch, Max Stretch With a Minimum, Nb Upgraded Jobs, Nb jobs large queue time, Mean flow stretch 128 jobs, Mean flow stretch 256 jobs, Mean flow stretch 1024 jobs, Mean flow stretch with a minimum 128 jobs, Mean flow stretch with a minimum 256 jobs, Mean flow stretch with a minimum 1024 jobs
Fcfs,8548,13326,1516.989258,12967224,604800,10579.744141,90435656,3577110,2397887,813840320,322463,3899573,1.881887,1.810911,38.320652,23.503334,0,0,1.853357,0.015185,0.013345,1.782381,0.015185,0.013345
Fcfs_with_a_score_mixed_strategy_x500_x1_x0_x0,8548,18031.000000,1315.292114,11243117.000000,604800.000000,10349.081055,88463944.000000,3267730.000000,2397887.000000,810776768.000000,384144.000000,3651874.000000,1.716319,1.657483,26.000000,16.033333,0,0,1.688861,0.014596,0.012862,1.630024,0.014596,0.012862
Fcfs_with_a_score_mixed_strategy_x500_x50_x0_x0,8548,20688,1243.190186,10626790,604800,10239.413086,87526504,2939310,2397887,804191168,391351,3330661,1.620085,1.564085,18.505434,11.35,0,0,1.592458,0.014772,0.012857,1.536456,0.014772,0.012857
Mixed_strategy_6taskperdata_95,8548,14493.000000,1527.510010,13057156.000000,604800.000000,10582.742188,90461280.000000,3500130.000000,2398439.000000,812872064.000000,335333.000000,3835463.000000,1.874587,1.803897,38.437840,23.703333,0,0,1.846060,0.015221,0.013307,1.775370,0.015221,0.013307
Mixed_strategy_100taskperdata_95,8548,22221.000000,1427.399658,12201412.000000,604800.000000,10478.264648,89568208.000000,3422010.000000,2397887.000000,814120320.000000,374874.000000,3796884.000000,1.814507,1.746756,33.565216,20.586666,0,0,1.785897,0.015084,0.013526,1.718147,0.015084,0.013526
Mixed_strategy_200taskperdata_95,8548,26729.000000,1549.195923,13242527.000000,604800.000000,10579.981445,90437680.000000,3268050.000000,2397887.000000,812105472.000000,357731.000000,3625781.000000,1.871182,1.803284,35.913044,22.100000,0,2,1.842852,0.015087,0.013243,1.774954,0.015087,0.013243
