Scheduler,Number of jobs,Maximum queue time,Mean queue time,Total queue time,Maximum flow,Mean flow,Total flow,Transfer time,Makespan,Core time used, Waiting for a load time, Total waiting for a load time and transfer time, Mean Stretch, Mean Stretch With a Minimum, Max Stretch, Max Stretch With a Minimum, Nb Upgraded Jobs, Nb jobs large queue time, Mean flow stretch 128 jobs, Mean flow stretch 256 jobs, Mean flow stretch 1024 jobs, Mean flow stretch with a minimum 128 jobs, Mean flow stretch with a minimum 256 jobs, Mean flow stretch with a minimum 1024 jobs
Fcfs,14918,33863.000000,272.637939,4067213.000000,727765.000000,5417.005859,80810896.000000,1688280.000000,4684085.000000,574262016.000000,1440940.000000,3129220.000000,1.238484,1.204918,49.854462,49.854462,0,90,0.940712,0.024947,0.272820,0.907575,0.024517,0.272820
Fcfs_with_a_score_x500_x500_x0_x0,14918,323980.000000,1684.122803,25123744.000000,727911.000000,6734.262695,100461728.000000,1006090.000000,4684164.000000,565728896.000000,713312.000000,1719402.000000,2.058767,2.018076,63.978573,63.978573,0,142,1.979828,0.060865,0.018078,1.939571,0.060432,0.018078
