Scheduler,Number of jobs,Maximum queue time,Mean queue time,Total queue time,Maximum flow,Mean flow,Total flow,Transfer time,Makespan,Core time used, Waiting for a load time, Total waiting for a load time and transfer time, Mean Stretch, Mean Stretch With a Minimum, Max Stretch, Max Stretch With a Minimum, Nb Upgraded Jobs, Nb jobs large queue time
Fcfs_with_a_score_area_filling_x500_x500_x0_x0,11973,174771.000000,2844.457275,34056688.000000,204444.000000,6781.011719,81189056.000000,2134520.000000,809214.000000,273011968.000000,568507.000000,2703027.000000,1.744343,1.630415,71.435043,71.435043,1247,98
Fcfs_with_a_score_area_filling_x500_x500_x0_x5000,11973,174771.000000,2844.457275,34056688.000000,204444.000000,6781.011719,81189056.000000,2134520.000000,809214.000000,273011968.000000,568507.000000,2703027.000000,1.744343,1.630415,71.435043,71.435043,1247,98
Fcfs_with_a_score_area_filling_x500_x500_x0_x10000,11973,174771.000000,2844.457275,34056688.000000,204444.000000,6781.011719,81189056.000000,2134520.000000,809214.000000,273011968.000000,568507.000000,2703027.000000,1.744343,1.630415,71.435043,71.435043,1247,98
Fcfs_with_a_score_area_filling_x500_x500_x0_x15000,11973,174771.000000,2844.457275,34056688.000000,204444.000000,6781.011719,81189056.000000,2134520.000000,809214.000000,273011968.000000,568507.000000,2703027.000000,1.744343,1.630415,71.435043,71.435043,1247,98
Fcfs_with_a_score_area_filling_x500_x500_x0_x20000,11973,174771.000000,2844.457275,34056688.000000,204444.000000,6781.011719,81189056.000000,2134520.000000,809214.000000,273011968.000000,568507.000000,2703027.000000,1.744343,1.630415,71.435043,71.435043,1247,98
