Scheduler,Number of jobs,Maximum queue time,Mean queue time,Total queue time,Maximum flow,Mean flow,Total flow,Transfer time,Makespan,Core time used, Waiting for a load time, Total waiting for a load time and transfer time, Mean Stretch, Mean Stretch With a Minimum, Max Stretch, Max Stretch With a Minimum, Nb Upgraded Jobs, Nb jobs large queue time, Mean flow stretch 128 jobs, Mean flow stretch 256 jobs, Mean flow stretch 1024 jobs, Mean flow stretch with a minimum 128 jobs, Mean flow stretch with a minimum 256 jobs, Mean flow stretch with a minimum 1024 jobs
FCFS,25757,1403.000000,23.022091,592980.000000,475723.000000,4893.891113,126051952.000000,4065670.000000,10307484.000000,734121728.000000,1953988.000000,6019658.000000,0.980330,0.908041,2.140562,2.140562,0,0,0.968334,0.011561,0.000433,0.896047,0.011561,0.000433
HEFT,25757,1403.000000,22.833715,588128.000000,475723.000000,4893.531738,126042696.000000,4050000.000000,10307484.000000,734150400.000000,1964328.000000,6014328.000000,0.979641,0.907402,2.136000,2.136000,0,0,0.967646,0.011561,0.000433,0.895408,0.011561,0.000433
SCORE_500_1,25757,1403.000000,45.658928,1176037.000000,475723.000000,4910.937012,126491000.000000,3984340.000000,10307484.000000,733582144.000000,1889861.000000,5874201.000000,1.006277,0.933192,2.987180,2.987180,0,0,0.994276,0.011567,0.000433,0.921192,0.011567,0.000433
SCORE_500_50,25757,1403.000000,45.838528,1180663.000000,475723.000000,4911.078125,126494640.000000,3986450.000000,10307484.000000,733603136.000000,1887086.000000,5873536.000000,1.007064,0.933744,3.192825,2.987180,0,0,0.995063,0.011567,0.000433,0.921744,0.011567,0.000433
