Scheduler,Number of jobs,Maximum queue time,Mean queue time,Total queue time,Maximum flow,Mean flow,Total flow,Transfer time,Makespan,Core time used, Waiting for a load time, Total waiting for a load time and transfer time, Mean Stretch, Mean Stretch With a Minimum, Max Stretch, Max Stretch With a Minimum, Nb Upgraded Jobs, Nb jobs large queue time
Fcfs_with_a_score_area_filling_x500_x500_x0_x0,6,3600.000000,600.000000,3600.000000,7200.000000,3620.000000,21720.000000,13180.000000,11000.000000,240600.000000,0.000000,13180.000000,0.860187,0.860187,1.475410,1.475410,1,0
Fcfs_with_a_score_area_filling_x500_x500_x0_x5000,6,3600.000000,600.000000,3600.000000,7200.000000,3620.000000,21720.000000,13180.000000,11000.000000,240600.000000,0.000000,13180.000000,0.860187,0.860187,1.475410,1.475410,1,0
Fcfs_with_a_score_area_filling_x500_x500_x0_x10000,6,3600.000000,600.000000,3600.000000,7200.000000,3620.000000,21720.000000,13180.000000,11000.000000,240600.000000,0.000000,13180.000000,0.860187,0.860187,1.475410,1.475410,1,0
Fcfs_with_a_score_area_filling_x500_x500_x0_x15000,6,3600.000000,600.000000,3600.000000,7200.000000,3620.000000,21720.000000,13180.000000,11000.000000,240600.000000,0.000000,13180.000000,0.860187,0.860187,1.475410,1.475410,1,0
Fcfs_with_a_score_area_filling_x500_x500_x0_x20000,6,3600.000000,600.000000,3600.000000,7200.000000,3620.000000,21720.000000,13180.000000,11000.000000,240600.000000,0.000000,13180.000000,0.860187,0.860187,1.475410,1.475410,1,0
