Scheduler,Number of jobs,Maximum queue time,Mean queue time,Total queue time,Maximum flow,Mean flow,Total flow,Transfer time,Makespan,Core time used, Waiting for a load time, Total waiting for a load time and transfer time, Mean Stretch, Mean Stretch With a Minimum, Max Stretch, Max Stretch With a Minimum, Nb Upgraded Jobs, Nb jobs large queue time, Mean flow stretch 128 jobs, Mean flow stretch 256 jobs, Mean flow stretch 1024 jobs, Mean flow stretch with a minimum 128 jobs, Mean flow stretch with a minimum 256 jobs, Mean flow stretch with a minimum 1024 jobs
Fcfs,16755,8680.000000,594.800293,9965879.000000,864000.000000,4732.640137,79295384.000000,2913090.000000,4486409.000000,677927296.000000,1361412.000000,4274502.000000,1.885961,1.549655,9.220430,8.702830,0,0,1.869438,0.016295,0.000227,1.533131,0.016295,0.000227
Fcfs_with_a_score_adaptative_multiplier_x500_x500_x0_x0,16755,9917.000000,517.350830,8668213.000000,864000.000000,4633.601562,77635992.000000,2580920.000000,4486409.000000,673945088.000000,1330856.000000,3911776.000000,1.586042,1.337258,12.460733,7.933333,0,0,1.569971,0.015843,0.000227,1.321186,0.015843,0.000227
