Scheduler,Number of jobs,Maximum queue time,Mean queue time,Total queue time,Maximum flow,Mean flow,Total flow,Transfer time,Makespan,Core time used, Waiting for a load time, Total waiting for a load time and transfer time, Mean Stretch, Mean Stretch With a Minimum, Max Stretch, Max Stretch With a Minimum
Fcfs_no_use_bigger_nodes,8,170.000000,95.625000,765.000000,206.000000,145.875000,1167.000000,0.000000,220.000000,8040.000000,0.000000,0.000000,0.027494,0.027494,0.132867,0.132867
Fcfs,8,134.000000,81.250000,650.000000,190.000000,131.500000,1052.000000,0.000000,190.000000,8040.000000,0.000000,0.000000,0.025808,0.025808,0.132867,0.132867
Fcfs_big_job_first,8,127.000000,84.875000,679.000000,190.000000,135.125000,1081.000000,0.000000,190.000000,8040.000000,0.000000,0.000000,0.025333,0.025333,0.132867,0.132867
Fcfs_backfill_big_nodes_0,8,127.000000,84.875000,679.000000,190.000000,135.125000,1081.000000,0.000000,190.000000,8040.000000,0.000000,0.000000,0.025333,0.025333,0.132867,0.132867
Fcfs_backfill_big_nodes_1,8,127.000000,84.875000,679.000000,190.000000,135.125000,1081.000000,0.000000,190.000000,8040.000000,0.000000,0.000000,0.025333,0.025333,0.132867,0.132867
Fcfs_area_filling,8,170.000000,95.625000,765.000000,206.000000,145.875000,1167.000000,0.000000,220.000000,8040.000000,0.000000,0.000000,0.027494,0.027494,0.132867,0.132867
Fcfs_area_filling_omniscient,8,127.000000,84.875000,679.000000,190.000000,135.125000,1081.000000,0.000000,190.000000,8040.000000,0.000000,0.000000,0.025333,0.025333,0.132867,0.132867
