Scheduler,Number of jobs,Maximum queue time,Mean queue time,Total queue time,Maximum flow,Mean flow,Total flow,Transfer time,Makespan,Core time used, Waiting for a load time, Total waiting for a load time and transfer time, Mean Stretch, Mean Stretch With a Minimum, Max Stretch, Max Stretch With a Minimum, Nb Upgraded Jobs, Nb jobs large queue time, Mean flow stretch 128 jobs, Mean flow stretch 256 jobs, Mean flow stretch 1024 jobs, Mean flow stretch with a minimum 128 jobs, Mean flow stretch with a minimum 256 jobs, Mean flow stretch with a minimum 1024 jobs
FCFS,6084,303035.000000,247377.796875,1505046528.000000,959744.000000,256853.250000,1562695168.000000,1424810.000000,2060173.000000,365581120.000000,55008.000000,1479818.000000,339.976685,306.218903,1432.657593,879.373352,0,6084,339.068817,0.787183,0.120634,305.311066,0.787183,0.120634
HEFT,6084,303219.000000,247709.750000,1507066112.000000,959521.000000,257186.250000,1564721152.000000,1434100.000000,2059950.000000,365660288.000000,51600.000000,1485700.000000,338.850525,305.184143,1435.190186,880.553345,0,6084,337.939850,0.789885,0.120779,304.273468,0.789885,0.120779
SCORE_500_1,6084,365333.000000,227725.218750,1385480192.000000,954635.000000,237115.390625,1442610048.000000,903180.000000,2050505.000000,358384128.000000,59049.000000,962229.000000,309.911804,279.336395,1340.627075,838.766663,0,6084,309.070831,0.729200,0.111806,278.495361,0.729200,0.111806
