Scheduler,Number of jobs,Maximum queue time,Mean queue time,Total queue time,Maximum flow,Mean flow,Total flow,Transfer time,Makespan,Core time used, Waiting for a load time, Total waiting for a load time and transfer time, Mean Stretch, Mean Stretch With a Minimum, Max Stretch, Max Stretch With a Minimum, Nb Upgraded Jobs, Nb jobs large queue time, Mean flow stretch 128 jobs, Mean flow stretch 256 jobs, Mean flow stretch 1024 jobs, Mean flow stretch with a minimum 128 jobs, Mean flow stretch with a minimum 256 jobs, Mean flow stretch with a minimum 1024 jobs
FCFS,8548,12410.000000,1413.446655,12082142.000000,604800.000000,10434.719727,89195984.000000,3223890.000000,2397887.000000,811905152.000000,308853.000000,3532743.000000,1.835062,1.761320,35.820652,22.083334,0,0,1.822564,0.009619,0.002878,1.748822,0.009619,0.002878
HEFT,8548,13022.000000,1398.797363,11956920.000000,604800.000000,10417.113281,89045488.000000,3197980.000000,2397887.000000,811448832.000000,309460.000000,3507440.000000,1.816490,1.744060,34.118919,21.040001,0,0,1.803919,0.009691,0.002880,1.731489,0.009691,0.002880
Mix_score_nb_running_jobs,8548,25411.000000,989.512268,8458351.000000,604800.000000,9928.111328,84865496.000000,2490860.000000,2397887.000000,801325376.000000,333646.000000,2824506.000000,1.438144,1.384826,9.821622,8.407446,0,4,1.425943,0.009384,0.002817,1.372625,0.009384,0.002817
Fcfs_with_a_score_mixed_strategy_x486_x1_x0_x0,8548,12571.000000,1327.434204,11346908.000000,604800.000000,10343.015625,88412096.000000,3156030.000000,2397887.000000,811549824.000000,328017.000000,3484047.000000,1.751148,1.689444,27.015707,17.556667,0,0,1.738648,0.009620,0.002879,1.676945,0.009620,0.002879
Fcfs_with_a_score_mixed_strategy_x500_x1_x1_x0,8548,12569.000000,1283.011353,10967181.000000,604800.000000,10298.068359,88027888.000000,3149700.000000,2397887.000000,811438336.000000,329757.000000,3479457.000000,1.713334,1.654410,24.078533,15.330000,0,0,1.700800,0.009654,0.002881,1.641875,0.009654,0.002881
