Scheduler,Number of jobs,Maximum queue time,Mean queue time,Total queue time,Maximum flow,Mean flow,Total flow,Transfer time,Makespan,Core time used, Waiting for a load time, Total waiting for a load time and transfer time, Mean Stretch, Mean Stretch With a Minimum, Max Stretch, Max Stretch With a Minimum, Nb Upgraded Jobs
Fcfs_no_use_bigger_nodes,11973,13121.000000,1667.528442,19965318.000000,124508.000000,5379.902832,64413576.000000,0.000000,736704.000000,235425568.000000,0.000000,0.000000,5.396620,3.144027,122.446152,31.313334,0
Fcfs,11973,1878.000000,116.441574,1394155.000000,117037.000000,3828.817627,45842432.000000,0.000000,729233.000000,235425760.000000,0.000000,0.000000,0.593584,0.576963,8.303030,2.230000,1149
Fcfs_big_job_first,11973,1859.000000,117.014030,1401009.000000,117017.000000,3829.392090,45849312.000000,0.000000,729213.000000,235425920.000000,0.000000,0.000000,0.602083,0.582874,12.083969,5.310000,1210
Fcfs_backfill_big_nodes_0,11973,1885.000000,109.411255,1309981.000000,117042.000000,3821.789795,45758288.000000,0.000000,729238.000000,235425728.000000,0.000000,0.000000,0.579819,0.566806,1.468217,1.468217,1262
Fcfs_backfill_big_nodes_1,11973,1895.000000,109.950638,1316439.000000,117053.000000,3822.334229,45764808.000000,0.000000,729249.000000,235425696.000000,0.000000,0.000000,0.580433,0.567316,1.692810,1.476744,1227
Fcfs_area_filling,11973,20166.000000,2572.007324,30794644.000000,124554.000000,6284.389160,75242992.000000,0.000000,736750.000000,235425824.000000,0.000000,0.000000,11.153375,5.348143,278.630768,66.370003,49
Fcfs_area_filling_with_ratio,11973,17658.000000,1814.856079,21729272.000000,124548.000000,5527.233398,66177568.000000,0.000000,736744.000000,235425344.000000,0.000000,0.000000,5.163475,3.205259,238.523071,56.206665,965
Fcfs_area_filling_omniscient,11973,20283.000000,2618.184326,31347520.000000,124554.000000,6330.563965,75795840.000000,0.000000,736750.000000,235425920.000000,0.000000,0.000000,11.330203,5.442658,281.000000,67.263336,30
Fcfs_area_filling_omniscient_with_ratio,11973,17861.000000,2065.574463,24731124.000000,124548.000000,5777.928223,69179136.000000,0.000000,736744.000000,235425472.000000,0.000000,0.000000,6.918101,3.847906,226.246155,55.830002,735
