Scheduler,Number of jobs,Maximum queue time,Mean queue time,Total queue time,Maximum flow,Mean flow,Total flow,Transfer time,Makespan,Core time used, Waiting for a load time, Total waiting for a load time and transfer time, Mean Stretch, Mean Stretch With a Minimum, Max Stretch, Max Stretch With a Minimum, Nb Upgraded Jobs, Nb jobs large queue time, Mean flow stretch 128 jobs, Mean flow stretch 256 jobs, Mean flow stretch 1024 jobs, Mean flow stretch with a minimum 128 jobs, Mean flow stretch with a minimum 256 jobs, Mean flow stretch with a minimum 1024 jobs
FCFS,16755,8961.000000,633.593506,10615859.000000,864000.000000,4774.450684,79995920.000000,2951744.000000,4486409.000000,677976256.000000,1373564.000000,4325308.000000,1.993891,1.624258,10.227027,8.803459,0,0,1.977280,0.016385,0.000227,1.607646,0.016385,0.000227
Fcfs_easybf,16755,8830.000000,439.360077,7361478.000000,864000.000000,4585.421387,76828736.000000,2938304.000000,4486409.000000,678098880.000000,1474035.000000,4412339.000000,1.149891,1.061722,7.786539,7.786539,0,0,1.133309,0.016355,0.000227,1.045140,0.016355,0.000227
SCORE,16755,591219.000000,1849.318970,30985340.000000,1068372.000000,5857.557617,98143376.000000,1281216.000000,4702784.000000,655250816.000000,770187.000000,2051403.000000,2.524655,2.196580,16.851006,16.851006,0,168,2.501738,0.022690,0.000228,2.173662,0.022690,0.000228
Fcfs_with_a_score_mixed_strategy_x500_x1_x0_x0,16755,8911.000000,505.541626,8470350.000000,864000.000000,4641.734375,77772256.000000,2846400.000000,4486409.000000,677175488.000000,1400558.000000,4246958.000000,1.507434,1.289313,7.460612,7.460612,0,0,1.490988,0.016220,0.000227,1.272865,0.016220,0.000227
Fcfs_with_a_score_adaptative_multiplier_if_EAT_is_t_x500_x1_x0_x0,16755,8861.000000,442.296570,7410679.000000,864000.000000,4587.547852,76864368.000000,2918592.000000,4486409.000000,678145088.000000,1480553.000000,4399145.000000,1.161660,1.069130,7.718269,7.718269,0,0,1.145086,0.016347,0.000227,1.052556,0.016347,0.000227
