Scheduler,Number of jobs,Maximum queue time,Mean queue time,Total queue time,Maximum flow,Mean flow,Total flow,Transfer time,Makespan,Core time used, Waiting for a load time, Total waiting for a load time and transfer time, Mean Stretch, Mean Stretch With a Minimum, Max Stretch, Max Stretch With a Minimum, Nb Upgraded Jobs, Nb jobs large queue time, Mean flow stretch 128 jobs, Mean flow stretch 256 jobs, Mean flow stretch 1024 jobs, Mean flow stretch with a minimum 128 jobs, Mean flow stretch with a minimum 256 jobs, Mean flow stretch with a minimum 1024 jobs
FCFS,15295,17200,2043.329224,31252720,727746,7081.15332,108306240,1972000,4683999,575261312,1228077,3200077,6.195006,5.835732,90.324608,57.506668,0,0,6.19179,0.002834,0.000381,5.832517,0.002834,0.000381
HEFT,15295,17076,2007.383545,30702932,727746,7044.205078,107741120,1973520,4683999,575265664,1211564,3185084,6.122262,5.766817,89.670158,57.09,0,0,6.119194,0.002702,0.000366,5.763747,0.002702,0.000366
SCORE_500_1_99busy,15295,19372,212.534943,3250722,727746,5240.411621,80152096,1796910,4683999,574751744,1250551,3047461,1.251955,1.221534,18.922472,18.922472,0,0,1.249508,0.002112,0.000334,1.219087,0.002112,0.000334
SCORE_500_50_99busy,15295,19618,302.783386,4631072,727746,5326.902832,81474976,1755120,4683999,574373504,1234837,2989957,1.530632,1.483877,19.214659,14.611236,0,0,1.528119,0.002177,0.000337,1.481364,0.002177,0.000337
Mix_score_nb_running_jobs,15295,51931.000000,2829.577393,43278388.000000,761608.000000,7772.461914,118879808.000000,1224260.000000,4717861.000000,567901120.000000,522706.000000,1746966.000000,5.078892,4.863406,77.815086,77.815086,0,210,5.075662,0.002746,0.000485,4.860176,0.002746,0.000485
