Scheduler,Number of jobs,Maximum queue time,Mean queue time,Total queue time,Maximum flow,Mean flow,Total flow,Transfer time,Makespan,Core time used, Waiting for a load time, Total waiting for a load time and transfer time, Mean Stretch, Mean Stretch With a Minimum, Max Stretch, Max Stretch With a Minimum
Fcfs_no_use_bigger_nodes,11973,17312.000000,3872.263916,46362616.000000,128056.000000,8019.379395,96016032.000000,3930170.000000,740252.000000,304272000.000000,1294104.000000,5224274.000000,11.050230,6.045672,185.818176,43.056667
Fcfs,11973,10792.000000,1607.414062,19245568.000000,123059.000000,5771.675781,69104272.000000,4073990.000000,735255.000000,307184896.000000,1355646.000000,5429636.000000,2.646046,2.074870,96.196968,23.306667
Fcfs_big_job_first,11973,10792.000000,1765.906006,21143192.000000,123135.000000,5930.854980,71010128.000000,4063340.000000,735331.000000,307181888.000000,1374628.000000,5437968.000000,3.664224,2.515021,157.863632,35.520000
Fcfs_backfill_big_nodes_0,11973,10792.000000,1595.241333,19099824.000000,123135.000000,5754.524902,68898928.000000,4027320.000000,735331.000000,306953984.000000,1342801.000000,5370121.000000,2.552635,2.019333,104.772728,26.793333
Fcfs_backfill_big_nodes_1,11973,10792.000000,1571.752075,18818588.000000,123075.000000,5730.468262,68610896.000000,4031510.000000,735271.000000,306861952.000000,1331780.000000,5363290.000000,2.432565,1.966457,99.787880,32.736668
Fcfs_area_filling,11973,11396.000000,1708.863281,20460220.000000,124303.000000,5871.076660,70294400.000000,4068660.000000,736499.000000,306944512.000000,1336501.000000,5405161.000000,2.857353,2.268287,106.800003,38.046665
Fcfs_area_filling_omniscient,11973,26640.000000,5239.105957,62727816.000000,128286.000000,9388.505859,112408576.000000,3952190.000000,740482.000000,304362688.000000,1299857.000000,5252047.000000,18.585806,9.207520,404.575745,89.006668
