Scheduler,Number of jobs,Maximum queue time,Mean queue time,Total queue time,Maximum flow,Mean flow,Total flow,Transfer time,Makespan,Core time used, Waiting for a load time, Total waiting for a load time and transfer time, Mean Stretch, Mean Stretch With a Minimum, Max Stretch, Max Stretch With a Minimum, Nb Upgraded Jobs, Nb jobs large queue time, Mean flow stretch 128 jobs, Mean flow stretch 256 jobs, Mean flow stretch 1024 jobs, Mean flow stretch with a minimum 128 jobs, Mean flow stretch with a minimum 256 jobs, Mean flow stretch with a minimum 1024 jobs
FCFS CONSERVATIVE BF,31784,37371.000000,3506.781738,111459552.000000,469870.000000,9881.022461,314058432.000000,7381758.000000,2606238.000000,1024909824.000000,2752029.000000,10133787.000000,5.695045,5.408407,160.795700,101.220001,0,307,5.666362,0.025742,0.002944,5.379720,0.025742,0.002944
SCORE,31784,2653522.000000,3316.484619,105411144.000000,2832454.000000,9503.126953,302047392.000000,2886462.000000,4883581.000000,980046336.000000,1251117.000000,4137579.000000,1.567447,1.492376,48.160999,48.160999,0,404,1.552002,0.005988,0.009457,1.476931,0.005988,0.009457
SCORE CONSERVATIVE BF,31784,9970482.000000,3862944.750000,122779836416.000000,10060965.000000,3869122.500000,122976190464.000000,3022782.000000,12225882.000000,978744896.000000,1165101.000000,4187883.000000,7527.519043,6742.636230,52083.640625,32538.583984,0,21339,7520.078125,6.957673,0.484256,6735.193848,6.957673,0.484256
EFT-SCORE MIX CONSERVATIVE BF 2,31784,42954.000000,5934.472168,188621264.000000,478353.000000,12292.619141,390708608.000000,6780414.000000,2614721.000000,1021755456.000000,2847049.000000,9627463.000000,11.773719,10.484977,196.288773,122.353333,0,728,11.744325,0.026295,0.003111,10.455573,0.026295,0.003111
OPPORTUNISTIC-SCORE MIX CONSERVATIVE BF 2,31784,45214.000000,4128.260742,131212632.000000,469870.000000,10498.442383,333682496.000000,7070846.000000,2606238.000000,1022526720.000000,2917350.000000,9988196.000000,6.308573,6.064822,188.639786,118.066666,0,401,6.276424,0.029142,0.003006,6.032671,0.029142,0.003006
