Number of jobs, Random, Random-Available, First-Come-First-Serve
10,40.7,34.6,34.6
20,58.5,52.6,52.6
30,76.63333333333334,70.0,66.93333333333334
40,103.125,90.65,91.325
50,100.6,101.78,100.76
60,128.6,127.55,129.7
70,149.87142857142857,144.62857142857143,145.97142857142856
80,152.0875,144.4875,142.65
90,173.73333333333332,164.7,170.5
100,188.37,178.39,180.14
