Number of jobs, Random, Random-Available, First-Come-First-Serve
10,33.6,29.7,29.7
20,49.55,43.15,43.6
30,71.6,69.76666666666667,70.63333333333334
40,88.75,86.375,85.8
50,116.56,109.24,107.98
60,119.06666666666666,120.53333333333333,117.9
70,134.75714285714287,130.0857142857143,132.24285714285713
80,148.0625,155.6375,158.975
90,173.92222222222222,171.17777777777778,169.7
100,186.89,176.76,176.79
