Number of jobs, Random, Random-Available, First-Come-First-Serve
10,20.3,12.6,12.6
20,40.45,33.45,33.45
30,60.53333333333333,52.7,50.6
40,86.5,73.525,74.25
50,85.7,86.62,85.42
60,113.38333333333334,112.3,114.06666666666666
70,134.34285714285716,129.25714285714287,130.1
80,139.0,131.4,129.725
90,160.45555555555555,151.3,156.72222222222223
100,175.06,165.52,167.09
