Number of jobs, Random, Random-Available, First-Come-First-Serve
10,14.4,10.1,10.1
20,32.7,26.55,26.55
30,54.266666666666666,53.13333333333333,53.4
40,72.175,69.925,69.425
50,100.1,93.14,91.7
60,104.48333333333333,105.56666666666666,103.4
70,121.3,116.5,118.5
80,134.5125,141.9125,145.0375
90,160.2111111111111,157.4111111111111,156.03333333333333
100,173.7,163.57,163.54
