Scheduler,Number of jobs,Maximum queue time,Mean queue time,Total queue time,Maximum flow,Mean flow,Total flow,Total transfer and wait time,Makespan,Core time used
Random,21975,918427,60853.63381114903,1337258603,1089858.0,69597.99913538112,1529416031.0,2357852.0,2148672,192157428.0
Fcfs_with_a_score,21975,544929,9598.43071672355,210925515,1089858.0,18345.598225255973,403144521.0,2419430.0,1772294.0,192219006.0
